{
  "summary": {
    "n_trades": 18,
    "win_rate": 0.3888888888888889,
    "profit_factor": 0.9156066222905821,
    "expectancy": -2.191610455000479,
    "total_pnl": -39.44898819000862,
    "max_drawdown": -0.013213532276911256,
    "calmar_like": -0.2985499059849388
  },
  "n_trades": 18
}